id,document,label,pred,p_pos,confidence,category,note,real
1520865,재미없고 지루한 영화...개인적으로 이런 영화 별로라고 생각함...,1,0,0.00163439,0.9983656,,,
5303451,분위기는 특이하나 개연성 부족에 소름만 돋다가 끝난다.,1,0,0.001744612,0.99825543,,,
2947290,독립영화일뿐 그이상도 이하도 아니다.,1,0,0.001857539,0.9981425,,,
2591363,"아나, 퇴마록을 망치려고 작정했냐. 배우들도 좋고 소설도 좋은데 영화는 아니다",1,0,0.001931904,0.99806815,,,
4221341,손발 오그라드는 영화는 처음이였다.,1,0,0.001962268,0.99803776,,,
856186,그래픽티 나는 괴물 허술한 스토리 허무한 결말 어색한 연기,1,0,0.001976257,0.99802375,,,
9662204,배우 활용이 아깝네요 ㅠ,1,0,0.00197921,0.99802077,,,
10005304,1 BEST정말이영화는제가24년살면서본영화중가장재미없고스토리도그렇고아역배우발연기에정말500원주고봐도아깝다는생각이든다... 키키키,1,0,0.002099873,0.9979001,,,
6029204,포스터에 나오는 스케일을 기대한 관객들을 맥빠지게 하는 영화. 메뚜기떼씬만 좋았음,1,0,0.00217042,0.9978296,,,
7091601,처음 -ㅅ- 뭔...이런 후잡한 스토리야...중간 -ㅅ- ....소리만 빽빽지르네 시끄러우ㅝ죽겠다마지막...........ㅅㅂ..... 아예 영화 끝날때까지 끝까지 봐라.....,1,0,0.00217405,0.9978259,,,
8719753,재미없다.잘키운 딸하나 많은 시청보지마세요.,1,0,0.002191449,0.9978085,,,
9412884,히든싱어 시청률 높이려고 눈에 보이는게 없나봐; 히든싱어들이 노래부르는건좋은데 무슨 생방송 출전기회를 그딴식으로 뽑냐 조를 왜나눠갖고 그런짓을 하고있냐고 쓸데없게 점점 퇴폐되고있다,1,0,0.002221882,0.9977781,,,
8453221,대체 무슨 영화? 인지 모르겠다,1,0,0.002257219,0.9977428,,,
9197288,이런 영상물에 매우 관심이 많은 사람이다하지만 이영화는 너무 미흡하고 담은 것이 없다다음 부터는 유투부에 올렸으면 한다먼가 알지못한 이야기를 얻고자 했는데 정보는 없다그저 취재가면 취재를 못했다는 것 뿐.혹 흐름을 타고자하는 오해를 받을수도.,1,0,0.002266672,0.99773335,,,
2059086,아침에우연히봤는데... 심하다....지켜보는아줌마는 뭐여,1,0,0.002270634,0.99772936,,,
3845974,베트남 참전장병들을 철저희 망신시켜놓은 거지같은영화,1,0,0.002279556,0.9977204,,,
58045,크레딧 설명이 성의없네요. 뮬하레? 카페에 가도 이것보단 낫습니다.,1,0,0.002303939,0.9976961,,,
5052868,ㅋㅋㅋ발연기를 연기하는ㅋㅋㅋㅋ,1,0,0.00232333,0.9976767,,,
5850765,아 이걸보고 뭘 어떻게 감상문을 쓰라고..,1,0,0.002334309,0.99766576,,,
4503404,볼수록 감탄하고 또 엄청나게 재밌는 작품 장면장면이 다 환상적이다 위대한 영화,0,1,0.9975551,0.9975551,,,
10013972,노답잼노답이다노답이영화는노답이다,1,0,0.002447235,0.9975528,,,
6243949,난 왜 쓰레기 한국영화가 이 영화보다 평점이 높은지 이해가 안간다....,1,0,0.0024661,0.9975339,,,
3791864,이기주의적인 햔대인들에게 도저히 이해안가는 영화일것이다 아무런 감동도 없을 것,1,0,0.002474364,0.99752563,,,
5041617,우리오빠들을 3D로 보게되다니.. 진짜 최고그자체!!1점주는분들그럼보지말든가요 ㅡㅡ,0,1,0.9975043,0.9975043,,,
7854907,왠지 자꾸 눈물이 나는 영화였네여..ㅜㅡ 좀 지루하긴 하지만 긴여운을 남기는 영화,0,1,0.9974898,0.9974898,,,
5051943,마약먹고 찍은영화인가? 그렇다고해서 공포영화도아니고...코미디는뭐 ㅡㅡ,1,0,0.002534935,0.997465,,,
9848365,아낙 바하라히 헤이난코텍 테라 카포 이거 한 200번들렸다ㅋ 2천원 주고다운받았는데 너무나도 재밋고 흥겨운영화^^ 여주인공들도 진짜이뿌고 아빠도 완전 멋있음 1시간 20분에있어 이영화를 봄으로인해 많은 교훈과 감동이있을거에요ㅎㅎ,0,1,0.99746007,0.99746007,,,
10194932,개병맛. 감독이 약했나봐,1,0,0.002573129,0.9974268,,,
8994991,그냥 토미가 안쓰러웠던 영화 ㅠㅠ 형 마누라는 줘 패고 싶다 지 동생을 쳐 죽이고 있는데 좋다고 소리꽥꽥 지르는게 왜케 비호감인지 왜 그렇게 연출을 했는지 모르겠다,1,0,0.002641245,0.99735874,,,
10215475,나에게 어려운영화였지만 많은생각을하게만든영화였다,0,1,0.9973404,0.9973404,,,
9977742,처음부터 끝까지 불친절하다,1,0,0.002684018,0.99731594,,,
6672788,다른 시시껍적한 블록버스터보다 더 좋고 생각많이 하게 하는 영화. 형이 푸켓에 7년동안 살때를 떠올리게 만드는 영화...푸에리토 리코에 가고잡다.,0,1,0.99730504,0.99730504,,,
8491304,이런사실을 보고도 아직도 똥꼬 빠는 놈들보면 한심해서 말도 안나온다!,1,0,0.002708,0.997292,,,
9880909,정말 재밌다 진심 내 취향임!! 이거 꼭 봐야된다 진짜 살면서 이렇게 명작은 또 처음보네,0,1,0.99726367,0.99726367,,,
9889307,유치하고 오글거리는맛에 보는거지 뭐,1,0,0.002741461,0.99725854,,,
9093121,이걸 보고 나니 이제 세상의 모든 게 재밌게 느껴졌다 심지어는 결혼식에서 하는 주례조차도 너무 재밌더라,0,1,0.9972517,0.9972517,,,
9014317,많은 생각을 하게 만드네요... 모든 순간이 선택이겠지만.. 줄리엣 비노쉬의 명연기 였습니다.. 항상 일이 먼저임을 기꺼이 이해해주는 나의 가족... 감사하고 행복한걸 잊고 살았나 봅니다. 영화 잘 봤습니다..^^,0,1,0.99721503,0.99721503,,,
40185,사랑스럽고 따듯한 영화! 제목만 보고 외면하지 마시길~,0,1,0.99718046,0.99718046,,,
9764749,87년에 만든 작품이 주인공도 그렇고 완벽 그자체!!,0,1,0.9971475,0.9971475,,,
5177695,뭘 전하려는건지 모르겠네. 초속 5cm가 훨씬 나은듯.,1,0,0.002886976,0.997113,,,
10216872,재미는 없지만 독특한 매력이 있는 영화가장 기억에 남는 건 남여주인공이 서로 만난 순간 나눈 스킨쉽 장면 이었다. 음악과 달듯 말듯한 그들의 몸짓과 손짓이 신비로웠다. 무섭고 슬픈영화였다..,0,1,0.9970853,0.9970853,,,
3032467,재미는 둘째치고 눈 드럽게 아픔.......아이들 눈버리지 않을까 걱정스런 영화~,1,0,0.00293448,0.9970655,,,
4913103,"1번 9점, 2번 2점, 3번 8점. 배우들 연기 10점!",0,1,0.99705184,0.99705184,,,
9875508,킬러 조가 여성을 차로 치고 도주하는 하이라이트 장면에서는 전율이 느껴졌다...진심 폴 워커를 능가하는 섬세한 드리프트였다...죽기 전에 이런 영화를 보게 된 걸 행운이라고 생각한다.,0,1,0.99702114,0.99702114,,,
9789750,감독이 뭔 얘기를 전달하려는지는 잘은 모르나 은근히 영상미도 있고 남녀 주인공도 괜찮고 재밌었다.,0,1,0.997021,0.997021,,,
727315,거부감 없는 오락 영화,1,0,0.002982985,0.997017,,,
3828191,제가 고3 때 이거 봤는데.. 감동 ㅠㅠ 근데 사실 지금 고3임 이 빌어먹을 세상아,0,1,0.99698097,0.99698097,,,
6523123,평점보고왔습니다만.. 그당시엔 수작이라할지모르지만 지금보면 워낙 퀄리티가떨어져서 후회하실지도~ 영화매니아분들은 절대보지마시길 스토리가 훤히보여서 몰입전혀안됩니다,1,0,0.003023711,0.99697626,,,
9068231,"톰,브래드 ㅠㅠ 둘이나와서 더 쩔었음 여기선 톰이 악역?같았는데 진짜 뱀파같았음ㅋㅋ",0,1,0.9969723,0.9969723,,,
8813840,순수한영화입니다 10점 만점에10점짜리!!!^^♡,0,1,0.996935,0.996935,,,
7981450,내가 좋아하는 영화 시리즈 중 하나인 데이티네이션...3편을 봤던 기억이 가물가물하여 봤더니 역시예전에 봤던 작품이다. 이런 좋은 시리즈를 놓쳤을리가 없겠쥐.ㅋㅋ간만에 다시 보니 초라하기 그지 없다. 데스티네이션은 1편이후 속편들이 나오면서 점,0,1,0.99692684,0.99692684,,,
4248800,이거 송어 찍은 감독 맞어? 정말 실망이다.,1,0,0.003109099,0.99689096,,,
8668308,"잘가다가 마지막 5분은 급조한 느낌이다, 점장이 말에 조승우가 죽는 설정도 억지스럽고 운명을 개척하려던 남자가 바로 순응하는 모습도 설득력이 떨어진다, 무엇보다 21세기에 운명론적 측면에서 결말을 지었다는 것이 공감하기가 어려웠다",1,0,0.003111358,0.9968887,,,
7876259,오연서 땜에 봤는디 내용이 지루해서 졸릴정도 맨날 뱅벵 돌아,1,0,0.003147724,0.99685234,,,
5342473,아니뭐 이런쓰레기가..,1,0,0.003154176,0.9968458,,,
8129712,이런게 현실적인 가족이야기 몸에서사리나올정도로 버티는모습이 기억에남는다,0,1,0.99683577,0.99683577,,,
2024429,자라. 푹 자라. 차라리 자라,1,0,0.003171748,0.99682826,,,
8703923,새벽에 이 영화를 끝까지 본 나의 인내심에 박수...영화 말미에는 욱일기가 덤으로 나옵니다^^,1,0,0.003231695,0.99676836,,,
10063270,꼭보세용 꼭 !! 완전존잼 ♡.♡ (나만당할수없지),0,1,0.99675673,0.99675673,,,
8704798,로봇이 나오는 애니메이션이라도 수준이 있다,1,0,0.00324365,0.9967564,,,
8304789,전 책을 먼저 읽고 봐서 내용 이해가 쉬웠는데 그렇지 않은분들은 힘들겠네요^^;;; 책은 별 10개 줄 정도로 정말 재밌어요 ^--^,0,1,0.9967182,0.9967182,,,
110625,분위기묘함 but 보고나면 무언가가 남는 영화,0,1,0.996714,0.996714,,,
9079172,"두시간동안 영화 두편본느낌,개꿀ㅋㅋ",0,1,0.9967097,0.9967097,,,
5757100,"개인적으론 별3개짜리 영화, 각본,음악,화면연출은 훌륭한듯하나 관객과의 소통부재?",1,0,0.003291213,0.99670875,,,
8259846,수준은 떨어지지만 인생을 즐기는게 느껴지는 영화,0,1,0.99669975,0.99669975,,,
6174563,이 영화 별로예요.에 등록된 리뷰가 아무것도 없는 영화는 처음보네요. 일기를 써야지,1,0,0.003359858,0.9966401,,,
10107138,진짜꼭보세요 제인생영화중 top3 영화입니다!! (나만죽을순없지),0,1,0.9966258,0.9966258,,,
9307730,내가본 영화중 최고 한번꼭보셈..ㅠㅠ,0,1,0.9965834,0.9965834,,,
57896,러시아의 정적 속에서 더욱 시리게 느껴지는 그의 사랑이여....,0,1,0.9965827,0.9965827,,,
10199991,이야...한국 영화에 길이남을 역사적인 작품이다. 많은 사람들이 이 영화에 대해 알았으면 좋겠다.,0,1,0.9965527,0.9965527,,,
433293,빈센트의 그 외롭고 갸냘픈 시선 연기력만 볼만한 영화,1,0,0.003451128,0.99654895,,,
85766,원표는 거의...까메오도아니고 애매한.-_,1,0,0.003453139,0.9965469,,,
168622,외로운 연말을 따뜻하게 해주는 영화,0,1,0.9965237,0.9965237,,,
10092687,OOO 친구와 처음으로 영화관 데이트 했어요^^ 아직까지 영화관은 무리라고 생각해서 걱정했더니 얼마나 집중하며 보는지 친구인 전 감격스렵네요~~~!,0,1,0.9965144,0.9965144,,,
8777358,적인걸1를 너무 재밌게 본 사람으로써 2도 너무 기대하고 봤는데 기대하고 봐도 재밌더라구요ㅋㅋ,0,1,0.9965115,0.9965115,,,
189103,생각하면서 봐야 하겠지만 성공의 기준을 내면에 두고 살아가는 진정한 스승,0,1,0.9965055,0.9965055,,,
9467911,아직도 그날밤의 질풍이와의 질주는잊을수가없다...,0,1,0.9964754,0.9964754,,,
5042280,개같이 유치하고 개같이 뻔하고 개같이 허접한데 영화는 존1나게 쿨하다,1,0,0.003530284,0.99646974,,,
10223451,먼데이거뭔영화야ㅋㅋ,1,0,0.003537192,0.9964629,,,
49364,이거 도덕시간에 봤는데 진짜 감동 ㅠ=ㅠ,0,1,0.9964451,0.9964451,,,
8744252,일본은 만화와 애니메이션의 연출이 너무 좋다. 오히려 이런건 다른 나라의 연출력이 더 나았을지도 모른다.,0,1,0.99639857,0.99639857,,,
8783066,ㅋㅋㅋ예전에 극장에서 봤는데 다시보니 엄청깨알. 조진웅도 보이고 무정도시 싸파리아저씨도 보이고 방갑다는.ㅋㅋ,0,1,0.99633825,0.99633825,,,
1372469,이정도면 잘 만든거지. 액션도 멋졌고,0,1,0.996238,0.996238,,,
6893150,장윤현감독님 진정 이정도가 당신의 한계입니까? 수십억이 투입되었는데 이정도밖에 못보여주다니....아쉽습니다.,1,0,0.003762857,0.99623716,,,
10235375,"성경에 보면 지나치게 의인도 되지 말고 지혜롭게 되지도 말라고 했다. 주인공의 지나친 착한남자 컴플렉스는 결국 모든걸 엉망으로 만들었다.직장에서 해고되고 부인에게 거부당하고,그 모든 터전을 잃을만큼 불륜으로 생긴 아이를 보러가는게 그리 중요했을까???",1,0,0.003785062,0.9962149,,,
10209166,평점이 이리높을 줄이야,1,0,0.003875916,0.9961241,,,
10178920,글쎄... 뭔가 둥둥 떠서는 끝까지 따로 논다는 느낌...,1,0,0.003916254,0.99608374,,,
2815536,오로지 B급 만을 지향했던 영화.,1,0,0.003919168,0.9960808,,,
4311327,와 이거 대박!너무 재밌는거 아냐!!!강추~ 강추!소장용으로 강추!연인과함께 강추!,0,1,0.99607533,0.99607533,,,
134798,또보고또봐도가슴뛰는영화,0,1,0.99605125,0.99605125,,,
10190962,"아쉽게도 흥행 실패 영화. 소설이든 영화든 확대해석,끼워맞추기식해석에노력하는데 장의사케릭이 메신저역을 소화하기엔 무리수고 그저 자신이 선지자쯤으로 착각하는 싸이코패스 장의사와 사망선고임에도 산사람의 이야기. 140자제한땜에 장의사표정계속주목쪼개는거나옴",1,0,0.003958,0.996042,,,
7514561,"이해하긴 어려운 결말이지만, 심장이 뛰는 레이싱 영화.",0,1,0.99602294,0.99602294,,,
5999126,진짜재미없다 ㅋㅋㅋㅋㅋㅋㅋㅋㅋㅋㅋㅋ,1,0,0.004071268,0.9959287,,,
8866626,안봤는데 평점이 낮네ㅋ,0,1,0.99592566,0.99592566,,,
2010176,이거 뭐하자는 플레이야..?,1,0,0.00408774,0.99591225,,,
5444424,작품성은 뛰어나지만 대중성은 거의 없는 애니메이션.,1,0,0.004132414,0.9958676,,,
8883562,다 떠나서 중금속+방사능 콤보인 맛이라곤 눈곱만큼도 없는걸 먹겠다고 저딴 짓거리를 하는건 하지 말아야 합니다.,1,0,0.004149951,0.9958501,,,
140040,영화내내 여주인공의 화려한 모습을 보는것만으로 잼있어요^^,0,1,0.99579453,0.99579453,,,
9134209,너무 재밌게 잘봤으용ㅋㅋ 몸이간질간질ㅋ,0,1,0.99576265,0.99576265,,,
787781,엔딩이 아름답더라 넋을 놓고 보았다,0,1,0.9957617,0.9957617,,,
