id,document,label,pred,p_pos,confidence,category,note
1520865,재미없고 지루한 영화...개인적으로 이런 영화 별로라고 생각함...,1,0,0.0016863178,0.99831367,label_wrong, 명백한 부정 리뷰
5342473,아니뭐 이런쓰레기가..,1,0,0.0017399597,0.9982601,label_wrong, 명백한 부정 리뷰
10013972,노답잼노답이다노답이영화는노답이다,1,0,0.0017475346,0.99825245,label_wrong, 명백한 부정 리뷰
856186,그래픽티 나는 괴물 허술한 스토리 허무한 결말 어색한 연기,1,0,0.0018098115,0.9981902,label_wrong,
9014317,많은 생각을 하게 만드네요... 모든 순간이 선택이겠지만.. 줄리엣 비노쉬의 명연기 였습니다.. 항상 일이 먼저임을 기꺼이 이해해주는 나의 가족... 감사하고 행복한걸 잊고 살았나 봅니다. 영화 잘 봤습니다..^^,0,1,0.99809974,0.99809974,label_wrong, 명백한 극정 리뷰
9977742,처음부터 끝까지 불친절하다,1,0,0.0019042749,0.9980957,label_wrong, 명백한 부정 리뷰
7091601,처음 -ㅅ- 뭔...이런 후잡한 스토리야...중간 -ㅅ- ....소리만 빽빽지르네 시끄러우ㅝ죽겠다마지막...........ㅅㅂ..... 아예 영화 끝날때까지 끝까지 봐라.....,1,0,0.0019213612,0.9980786,label_wrong,
9591319,후. . .노답임. .정말노답 ★,1,0,0.001930803,0.9980692,label_wrong,
3845974,베트남 참전장병들을 철저희 망신시켜놓은 거지같은영화,1,0,0.0019423178,0.99805766,label_wrong,
6672788,다른 시시껍적한 블록버스터보다 더 좋고 생각많이 하게 하는 영화. 형이 푸켓에 7년동안 살때를 떠올리게 만드는 영화...푸에리토 리코에 가고잡다.,0,1,0.99797636,0.99797636,label_wrong,
8453221,대체 무슨 영화? 인지 모르겠다,1,0,0.002025252,0.9979747,label_wrong,
3791864,이기주의적인 햔대인들에게 도저히 이해안가는 영화일것이다 아무런 감동도 없을 것,1,0,0.0020584676,0.99794155,label_wrong,
9652381,설정도 어의없고 김꽃비씨 연제욱씨 두분연기도 못봐주겠고 김꽃비씨 대사 치는거 대박 어색하고 오글거려서 욕나왔음... 그리고 원컷은 무슨 처음에 일본애들 방망이로 여자내려칠때 편집됬구만자세히보면 그리고 그뒤에도 카메라 흔들리는척하면서... 스톱모션마냥,1,0,0.002075175,0.9979248,label_wrong,
9848365,아낙 바하라히 헤이난코텍 테라 카포 이거 한 200번들렸다ㅋ 2천원 주고다운받았는데 너무나도 재밋고 흥겨운영화^^ 여주인공들도 진짜이뿌고 아빠도 완전 멋있음 1시간 20분에있어 이영화를 봄으로인해 많은 교훈과 감동이있을거에요ㅎㅎ,0,1,0.9978853,0.9978853,label_wrong,
4221341,손발 오그라드는 영화는 처음이였다.,1,0,0.00221288,0.9977871,label_wrong,
8719753,재미없다.잘키운 딸하나 많은 시청보지마세요.,1,0,0.0022632524,0.9977367,label_wrong,
9271150,아주 OO이다 정말 ㅡㅡ,1,0,0.0022844449,0.9977156,too short,
2099953,모든 것이 좋았고 마지막도 좋았다,0,1,0.9976464,0.9976464,label_wrong,
40185,사랑스럽고 따듯한 영화! 제목만 보고 외면하지 마시길~,0,1,0.99760807,0.99760807,label_wrong,
8924551,그때도 울었고 지금도 울컥한다.,0,1,0.9975326,0.9975326,label_wrong,
7854907,왠지 자꾸 눈물이 나는 영화였네여..ㅜㅡ 좀 지루하긴 하지만 긴여운을 남기는 영화,0,1,0.9975297,0.9975297,mixed,
5041617,우리오빠들을 3D로 보게되다니.. 진짜 최고그자체!!1점주는분들그럼보지말든가요 ㅡㅡ,0,1,0.99749833,0.99749833,label_wrong,
8208891,일주일에 한번만 봐도 스토리가 연결되는 일일드라마,0,1,0.99741155,0.99741155,irony/model_wrong,
10215475,나에게 어려운영화였지만 많은생각을하게만든영화였다,0,1,0.997407,0.997407,mixed,
619876,내용이없어,1,0,0.0026776409,0.9973224,label_wrong,
8157017,재미 없다 뭐가 잼있다 죈송하다,1,0,0.0026927895,0.9973072,mixed,
9412884,히든싱어 시청률 높이려고 눈에 보이는게 없나봐; 히든싱어들이 노래부르는건좋은데 무슨 생방송 출전기회를 그딴식으로 뽑냐 조를 왜나눠갖고 그런짓을 하고있냐고 쓸데없게 점점 퇴폐되고있다,1,0,0.0027066628,0.9972933,label_wrong,
8971980,베드신은 볼만한데. 내용은 재미가없다,1,0,0.0027383363,0.99726164,mixed,
7514561,"이해하긴 어려운 결말이지만, 심장이 뛰는 레이싱 영화.",0,1,0.9972566,0.9972566,mixed,
9764749,87년에 만든 작품이 주인공도 그렇고 완벽 그자체!!,0,1,0.99718827,0.99718827,label_wrong,
4248800,이거 송어 찍은 감독 맞어? 정말 실망이다.,1,0,0.0028417718,0.9971583,label_wrong,
10194932,개병맛. 감독이 약했나봐,1,0,0.0028503838,0.99714965,label_wrong,
5999126,진짜재미없다 ㅋㅋㅋㅋㅋㅋㅋㅋㅋㅋㅋㅋ,1,0,0.0028601761,0.9971398,label_wrong,
134798,또보고또봐도가슴뛰는영화,0,1,0.99709857,0.99709857,label_wrong,
9662204,배우 활용이 아깝네요 ㅠ,1,0,0.0029054566,0.9970945,label_wrong,
3903518,별로던데..,1,0,0.002933674,0.9970663,label_wrong,
5177695,뭘 전하려는건지 모르겠네. 초속 5cm가 훨씬 나은듯.,1,0,0.0029719046,0.9970282,label_wrong,
10012405,평점이 너무낮은거같아 주는데 영화는 1점짜리다,1,0,0.0029755982,0.99702436,label_wrong,
8966880,"""""""대한민국 헌법 제11조 제1항 """"""""모든 국민은 법앞에 평등하다."""""""" 사법부보다 법의 권위가 우선 돼야한다. 법치주의가 바로잡길 원하고 앞으로 이런 영화가 나와선 안되길 바라는 마음에 1점 감해서 9점 준다.""""""",1,0,0.0029972072,0.9970028,,
4503404,볼수록 감탄하고 또 엄청나게 재밌는 작품 장면장면이 다 환상적이다 위대한 영화,0,1,0.9969476,0.9969476,label_wrong,
6761510,처음엔 재미있었는데 뒤로갈수록 식상해지더라.여주인공은 캐스팅잘한듯.,1,0,0.003064611,0.99693537,mixed,
7709088,"허접떼기 집결호와 같은 감독이 만든 영화라는게 믿어지지 않을 뿐, 여주인공 황신혜 닮았네",1,0,0.0030662173,0.9969338,mixed/context_dependent,
6133323,잼없다,1,0,0.0031307305,0.99686927,label_wrong,
57896,러시아의 정적 속에서 더욱 시리게 느껴지는 그의 사랑이여....,0,1,0.99685585,0.99685585,label_wrong,
9880909,정말 재밌다 진심 내 취향임!! 이거 꼭 봐야된다 진짜 살면서 이렇게 명작은 또 처음보네,0,1,0.9968534,0.9968534,label_wrong,
499002,가끔 영화는 우리의 삶을 정말 잘 보여준다. 이처럼...,0,1,0.9968458,0.9968458,label_wrong,
10031185,"여름방학 특선으로, 극장에서 용가리랑 영구와 땡칠이 1+1으로 상영해주는 영화 같았어요. 보는 내내 눈에서 눈물이 멈추질 않았죠. 자단이형, 윤발이형.. 아이들을 너무 사랑하는 마음으로 이런 동화같은 영화를 찍으신거겠죠?",0,1,0.9967835,0.9967835,irony/model_wrong,
87536,"토스카니니 를 다시 한 번 알게 한 영화였습니다. 영화도 좋지만, 그와",0,1,0.99678147,0.99678147,mixed/short(?),
8994991,그냥 토미가 안쓰러웠던 영화 ㅠㅠ 형 마누라는 줘 패고 싶다 지 동생을 쳐 죽이고 있는데 좋다고 소리꽥꽥 지르는게 왜케 비호감인지 왜 그렇게 연출을 했는지 모르겠다,1,0,0.00322274,0.99677724,label_wrong,
4384978,제목에 설레였었던 추억이.. 나와야 할 씬이 안 나와서 실망했었지만 즐거웠던 영화..,0,1,0.99676645,0.99676645,mixed,
8129712,이런게 현실적인 가족이야기 몸에서사리나올정도로 버티는모습이 기억에남는다,0,1,0.9967632,0.9967632,label_wrong,
9285797,아지매들한테 정말 좋은데..뭐라 표현할 방법이 없네.,0,1,0.99676263,0.99676263,label_wrong,
168622,외로운 연말을 따뜻하게 해주는 영화,0,1,0.9967103,0.9967103,label_wrong,
8057325,밑도 끝도 없다....,1,0,0.0033220267,0.996678,label_wrong,
2292732,보면서 졸고 또 졸고,1,0,0.0033246009,0.9966754,label_wrong,
7516195,수정이는 한평생 사랑을 못해보다가 모든걸 포기하고 다가와준 윤재라는 첫사랑을 만나행복해하고 또 윤재는 수정이 아버지에 대한 마음의 빚까지 더해 수정이를 더욱 더 감싸주고 행복하게 만들어주는 모습을 보여줫어야지,0,1,0.99665916,0.99665916,negation,
5899057,정말 연기도 잘하고 정말 정말 잼있어여 인생에 시간남아도시는분 꼭 강추!!,0,1,0.99663323,0.99663323,label_wrong,
10001603,모니카 벨루치때문에 몇번을 보면서도 몇번을 욕하게 만드는 영화. 너무 비현실적이다. 당장 습격당해도 이상하지 않을 상황에서 쉬었다가자느니 목숨보다 휴식이 더 좋단말인가..,1,0,0.0033879844,0.996612,mixed,
789684,별루,1,0,0.0033941178,0.9966059,label_wrong,
9071536,다시 보는데 너무 깊은 깨우침을 얻었다,0,1,0.9966011,0.9966011,label_wrong,
3828191,제가 고3 때 이거 봤는데.. 감동 ㅠㅠ 근데 사실 지금 고3임 이 빌어먹을 세상아,0,1,0.99654895,0.99654895,mixed,
1391237,현실을 바라보는데 도움이 되었다.,0,1,0.99653924,0.99653924,label_wrong,
9099310,우리나라 영화는 예산이 문제가 아니라 걍 노답이라는것을 보여주는 예,1,0,0.0034691177,0.99653095,label_wrong,
5352737,올 봄 당신들의 가슴속에 각인 될 단 하나의 똥쓰레기 작품이 온다 에어리언 대 거미,1,0,0.0035075261,0.99649245,labeled_wrong, 똥쓰레시라는 명백한 부정적인 평가
7233427,신박한 영화. 모티브가 코미디지만 웃기거나 하진 않았고... 하지만 묘하게 몰입되서 즐거운 마음으로 봤다.,0,1,0.9964665,0.9964665,mixed,
9983901,원작에 내용보다 많이 짤려진 느낌...파트1보다 더 많이 모자란 느낌,1,0,0.0035362777,0.9964637,label_wrong,
2010176,이거 뭐하자는 플레이야..?,1,0,0.0036237475,0.9963762,label_wrong,
10190962,"아쉽게도 흥행 실패 영화. 소설이든 영화든 확대해석,끼워맞추기식해석에노력하는데 장의사케릭이 메신저역을 소화하기엔 무리수고 그저 자신이 선지자쯤으로 착각하는 싸이코패스 장의사와 사망선고임에도 산사람의 이야기. 140자제한땜에 장의사표정계속주목쪼개는거나옴",1,0,0.0036646193,0.9963354,label_wrong,
57379,너무재밌었음! 배두나..연기잘했어요..,0,1,0.9962794,0.9962794,label_wrong,
10100243,아픈 과거 아리도록 슬프다.,0,1,0.99626356,0.99626356,label_wrong,
9627885,한지민 너무 예뻐요~ 현빈도 나름 멋있어요!!!,0,1,0.9962231,0.9962231,cast,
8545121,와... 제가 처음으로 평점쓰는 영화. 어떤 영화를 봐도 평점 쓴적이 한번도 없는데.. 평점을 쓰고싶게 만드는 그런 영화네요. 제 처음이자 마지막 리뷰가 될것 같습니다. 그런 의미에선 10점도 아깝지 않네요.,0,1,0.9962135,0.9962135,label_wrong,
9799408,지금까지 본 영화중 손에 꼽는 영화,1,0,0.0038084758,0.9961915,negation, 손에 꼽는 영화
9283746,"끈끈한 가족애를 다룬 영화로서는 괜찮은 것 같음, 남자 캐스팅도 좋고. 엔딩에서 과대망상증 주인공의 예언 실현은 어떻게 해석을 해야하나",0,1,0.9961318,0.9961318,mixed,
138409,너무 로멘틱하고 슬픈 영화네요......ㅠㅠ,0,1,0.99610436,0.99610436,label_wrong,
8304789,전 책을 먼저 읽고 봐서 내용 이해가 쉬웠는데 그렇지 않은분들은 힘들겠네요^^;;; 책은 별 10개 줄 정도로 정말 재밌어요 ^--^,0,1,0.9960998,0.9960998,mixed/other, 문맥
8680205,어제방송잘나오데요?재방송인지...가족들다생이별했는데아름다운모습...보는내내가슴한쪽이먹먹해서채널을돌리게되더군요...,0,1,0.9960361,0.9960361,mixed,
960352,공감하기엔 무리가 있다,1,0,0.0040102727,0.99598974,negation, 무리가 있다 
7787825,이 영화는 머냐?,1,0,0.0040120194,0.99598795,label_wrong,
8883562,다 떠나서 중금속+방사능 콤보인 맛이라곤 눈곱만큼도 없는걸 먹겠다고 저딴 짓거리를 하는건 하지 말아야 합니다.,1,0,0.0040537817,0.9959462,other,
9459411,보는내내 손에 땀을쥐며 언제 꺼야할질 108 번뇌하며 보게된 명화.,0,1,0.99594253,0.99594253,irony,
9875508,킬러 조가 여성을 차로 치고 도주하는 하이라이트 장면에서는 전율이 느껴졌다...진심 폴 워커를 능가하는 섬세한 드리프트였다...죽기 전에 이런 영화를 보게 된 걸 행운이라고 생각한다.,0,1,0.9959424,0.9959424,label_wrong,
7876259,오연서 땜에 봤는디 내용이 지루해서 졸릴정도 맨날 뱅벵 돌아,1,0,0.0040694345,0.9959306,label_wrong,
4451647,이러지도 저러지도 않아요,1,0,0.004089996,0.99591005,short,
6944141,영화의 영 자도 모르는 너님들~! 이 영화는 101점 짜리 영화 입니다.,0,1,0.99588567,0.99588567,label_wrong,
1148814,배우들의 연기와 반전이 인상에 남았다,0,1,0.99583983,0.99583983,label_wrong,
9595680,진짜 무가당 스파이물. 언제나 미국은 착한척 하지만 믿기 힘든 그 나라. 천조국.,1,0,0.0041773818,0.99582267,label_wrong,
8813840,순수한영화입니다 10점 만점에10점짜리!!!^^♡,0,1,0.9958046,0.9958046,label_wrong,
10200355,리뵹헌 역대급 헐리우드 영화. 그 허접떼기 닌자로 나왔던 영화보다 훻 비중 높고 캐릭터 살아있는 영화. 부루스 윌리스가 뵹헌리 잘 키워주는듯...,0,1,0.99579597,0.99579597,label_wrong,
10153322,"동화, 캐릭터, 음향 . 스토리 흐름을 빼고 모든게 좋다!",0,1,0.99579227,0.99579227,mixed,
8142001,이런 졸작은 10점 주지 않는 것은 고인이 된 명감독에 대한 존경심의 부재하 생각된다. 아마도 박감독은 죽기 직전 노망이 들어 색정남이 되었음이 분명하다. 즐 딸~!!!,1,0,0.004208588,0.99579144,irony,
9093121,이걸 보고 나니 이제 세상의 모든 게 재밌게 느껴졌다 심지어는 결혼식에서 하는 주례조차도 너무 재밌더라,0,1,0.9957889,0.9957889,irony/model_wrong,
10063270,꼭보세용 꼭 !! 완전존잼 ♡.♡ (나만당할수없지),0,1,0.99577576,0.99577576,irony/model_wrong,
132896,열렬한팬입니다요울지말아요 알제티나뮤지컬영화같아보여서여,0,1,0.9957722,0.9957722,other, 문맥
718861,엄마는 딸들도 좋아해~,0,1,0.99576366,0.99576366,short,
9249135,역대급 수작이다..! 이영화를 끝까지볼수있으면 앞으로 무슨영화를봐도 재밌을거다..,0,1,0.9957633,0.9957633,irony/model_wrong,
8259846,수준은 떨어지지만 인생을 즐기는게 느껴지는 영화,0,1,0.99576133,0.99576133,mixed,
2947290,독립영화일뿐 그이상도 이하도 아니다.,1,0,0.0042422423,0.99575776,label_wrong,
3897218,책의 감동을 욕되게 하지마라!! 연기도 그렇고~ 진짜 책 꼭 보세요. 엉엉 울며 봤음..,0,1,0.9957561,0.9957561,negation/model_wrong,
9068231,"톰,브래드 ㅠㅠ 둘이나와서 더 쩔었음 여기선 톰이 악역?같았는데 진짜 뱀파같았음ㅋㅋ",0,1,0.99572265,0.99572265,label_wrong,
